event_id,magnitude,event_type,out_of_window,detected,lag_hours,variant
EVT001,ALTA,INFRAESTRUCTURA,True,False,,V0_baseline_naranja
EVT002,MEDIA,MERCADO,True,False,,V0_baseline_naranja
EVT003,ALTA,CLIMATICO,True,False,,V0_baseline_naranja
EVT004,ALTA,CLIMATICO,True,False,,V0_baseline_naranja
EVT005,MEDIA,MERCADO,True,False,,V0_baseline_naranja
EVT006,MUY_ALTA,REGULATORIO,True,False,,V0_baseline_naranja
EVT007,ALTA,MERCADO,True,False,,V0_baseline_naranja
EVT008,ALTA,CLIMATICO,True,False,,V0_baseline_naranja
EVT009,ALTA,MERCADO,True,False,,V0_baseline_naranja
EVT010,MUY_ALTA,INFRAESTRUCTURA,True,False,,V0_baseline_naranja
EVT011,ALTA,MERCADO,True,False,,V0_baseline_naranja
EVT012,MUY_ALTA,MERCADO,True,False,,V0_baseline_naranja
EVT013,MEDIA,REGULATORIO,True,False,,V0_baseline_naranja
EVT014,MUY_ALTA,MERCADO,True,False,,V0_baseline_naranja
EVT015,MUY_ALTA,MERCADO,True,False,,V0_baseline_naranja
EVT016,MUY_ALTA,MERCADO,True,False,,V0_baseline_naranja
EVT017,MUY_ALTA,INFRAESTRUCTURA,False,True,192.0,V0_baseline_naranja
EVT018,MEDIA,MERCADO,False,True,216.0,V0_baseline_naranja
EVT019,MUY_ALTA,GEOPOLITICO,False,False,,V0_baseline_naranja
EVT020,MUY_ALTA,MERCADO,False,True,19.0,V0_baseline_naranja
EVT021,ALTA,INFRAESTRUCTURA,False,True,1023.0,V0_baseline_naranja
EVT022,MUY_ALTA,REGULATORIO,False,True,439.0,V0_baseline_naranja
EVT023,MUY_ALTA,MERCADO,False,True,439.0,V0_baseline_naranja
EVT024,ALTA,CLIMATICO,False,True,279.0,V0_baseline_naranja
EVT025,MEDIA,LABORAL,False,True,214.0,V0_baseline_naranja
EVT026,MUY_ALTA,INFRAESTRUCTURA,False,True,415.0,V0_baseline_naranja
EVT027,MUY_ALTA,MERCADO,False,True,32.0,V0_baseline_naranja
EVT028,MEDIA,LABORAL,False,True,152.0,V0_baseline_naranja
EVT029,ALTA,MERCADO,False,True,610.0,V0_baseline_naranja
EVT030,MEDIA,CLIMATICO,False,True,9.0,V0_baseline_naranja
EVT031,MEDIA,MERCADO,False,True,9.0,V0_baseline_naranja
EVT032,ALTA,MERCADO,False,True,151.0,V0_baseline_naranja
EVT033,ALTA,REGULATORIO,False,False,,V0_baseline_naranja
EVT034,ALTA,MERCADO,False,True,168.0,V0_baseline_naranja
EVT035,ALTA,MERCADO,False,False,,V0_baseline_naranja
EVT036,ALTA,MERCADO,False,False,,V0_baseline_naranja
EVT037,MUY_ALTA,MERCADO,False,True,168.0,V0_baseline_naranja
EVT038,MEDIA,MERCADO,False,True,168.0,V0_baseline_naranja
EVT039,BAJA,INFRAESTRUCTURA,False,True,14.0,V0_baseline_naranja
EVT040,ALTA,MERCADO,False,True,258.0,V0_baseline_naranja
EVT001,ALTA,INFRAESTRUCTURA,True,False,,V0b_baseline_roja
EVT002,MEDIA,MERCADO,True,False,,V0b_baseline_roja
EVT003,ALTA,CLIMATICO,True,False,,V0b_baseline_roja
EVT004,ALTA,CLIMATICO,True,False,,V0b_baseline_roja
EVT005,MEDIA,MERCADO,True,False,,V0b_baseline_roja
EVT006,MUY_ALTA,REGULATORIO,True,False,,V0b_baseline_roja
EVT007,ALTA,MERCADO,True,False,,V0b_baseline_roja
EVT008,ALTA,CLIMATICO,True,False,,V0b_baseline_roja
EVT009,ALTA,MERCADO,True,False,,V0b_baseline_roja
EVT010,MUY_ALTA,INFRAESTRUCTURA,True,False,,V0b_baseline_roja
EVT011,ALTA,MERCADO,True,False,,V0b_baseline_roja
EVT012,MUY_ALTA,MERCADO,True,False,,V0b_baseline_roja
EVT013,MEDIA,REGULATORIO,True,False,,V0b_baseline_roja
EVT014,MUY_ALTA,MERCADO,True,False,,V0b_baseline_roja
EVT015,MUY_ALTA,MERCADO,True,False,,V0b_baseline_roja
EVT016,MUY_ALTA,MERCADO,True,False,,V0b_baseline_roja
EVT017,MUY_ALTA,INFRAESTRUCTURA,False,True,2535.0,V0b_baseline_roja
EVT018,MEDIA,MERCADO,False,False,,V0b_baseline_roja
EVT019,MUY_ALTA,GEOPOLITICO,False,False,,V0b_baseline_roja
EVT020,MUY_ALTA,MERCADO,False,False,,V0b_baseline_roja
EVT021,ALTA,INFRAESTRUCTURA,False,False,,V0b_baseline_roja
EVT022,MUY_ALTA,REGULATORIO,False,True,441.0,V0b_baseline_roja
EVT023,MUY_ALTA,MERCADO,False,True,441.0,V0b_baseline_roja
EVT024,ALTA,CLIMATICO,False,True,777.0,V0b_baseline_roja
EVT025,MEDIA,LABORAL,False,False,,V0b_baseline_roja
EVT026,MUY_ALTA,INFRAESTRUCTURA,False,False,,V0b_baseline_roja
EVT027,MUY_ALTA,MERCADO,False,False,,V0b_baseline_roja
EVT028,MEDIA,LABORAL,False,True,924.0,V0b_baseline_roja
EVT029,ALTA,MERCADO,False,True,612.0,V0b_baseline_roja
EVT030,MEDIA,CLIMATICO,False,True,539.0,V0b_baseline_roja
EVT031,MEDIA,MERCADO,False,True,539.0,V0b_baseline_roja
EVT032,ALTA,MERCADO,False,False,,V0b_baseline_roja
EVT033,ALTA,REGULATORIO,False,False,,V0b_baseline_roja
EVT034,ALTA,MERCADO,False,True,1759.0,V0b_baseline_roja
EVT035,ALTA,MERCADO,False,False,,V0b_baseline_roja
EVT036,ALTA,MERCADO,False,False,,V0b_baseline_roja
EVT037,MUY_ALTA,MERCADO,False,True,1759.0,V0b_baseline_roja
EVT038,MEDIA,MERCADO,False,True,1759.0,V0b_baseline_roja
EVT039,BAJA,INFRAESTRUCTURA,False,True,39.0,V0b_baseline_roja
EVT040,ALTA,MERCADO,False,True,1015.0,V0b_baseline_roja
EVT001,ALTA,INFRAESTRUCTURA,True,False,,V1_no_persist
EVT002,MEDIA,MERCADO,True,False,,V1_no_persist
EVT003,ALTA,CLIMATICO,True,False,,V1_no_persist
EVT004,ALTA,CLIMATICO,True,False,,V1_no_persist
EVT005,MEDIA,MERCADO,True,False,,V1_no_persist
EVT006,MUY_ALTA,REGULATORIO,True,False,,V1_no_persist
EVT007,ALTA,MERCADO,True,False,,V1_no_persist
EVT008,ALTA,CLIMATICO,True,False,,V1_no_persist
EVT009,ALTA,MERCADO,True,False,,V1_no_persist
EVT010,MUY_ALTA,INFRAESTRUCTURA,True,False,,V1_no_persist
EVT011,ALTA,MERCADO,True,False,,V1_no_persist
EVT012,MUY_ALTA,MERCADO,True,False,,V1_no_persist
EVT013,MEDIA,REGULATORIO,True,False,,V1_no_persist
EVT014,MUY_ALTA,MERCADO,True,False,,V1_no_persist
EVT015,MUY_ALTA,MERCADO,True,False,,V1_no_persist
EVT016,MUY_ALTA,MERCADO,True,False,,V1_no_persist
EVT017,MUY_ALTA,INFRAESTRUCTURA,False,True,960.0,V1_no_persist
EVT018,MEDIA,MERCADO,False,True,216.0,V1_no_persist
EVT019,MUY_ALTA,GEOPOLITICO,False,False,,V1_no_persist
EVT020,MUY_ALTA,MERCADO,False,True,19.0,V1_no_persist
EVT021,ALTA,INFRAESTRUCTURA,False,True,1023.0,V1_no_persist
EVT022,MUY_ALTA,REGULATORIO,False,True,439.0,V1_no_persist
EVT023,MUY_ALTA,MERCADO,False,True,439.0,V1_no_persist
EVT024,ALTA,CLIMATICO,False,True,279.0,V1_no_persist
EVT025,MEDIA,LABORAL,False,False,,V1_no_persist
EVT026,MUY_ALTA,INFRAESTRUCTURA,False,False,,V1_no_persist
EVT027,MUY_ALTA,MERCADO,False,True,41.0,V1_no_persist
EVT028,MEDIA,LABORAL,False,True,922.0,V1_no_persist
EVT029,ALTA,MERCADO,False,True,610.0,V1_no_persist
EVT030,MEDIA,CLIMATICO,False,True,539.0,V1_no_persist
EVT031,MEDIA,MERCADO,False,True,539.0,V1_no_persist
EVT032,ALTA,MERCADO,False,True,295.0,V1_no_persist
EVT033,ALTA,REGULATORIO,False,False,,V1_no_persist
EVT034,ALTA,MERCADO,False,True,368.0,V1_no_persist
EVT035,ALTA,MERCADO,False,False,,V1_no_persist
EVT036,ALTA,MERCADO,False,False,,V1_no_persist
EVT037,MUY_ALTA,MERCADO,False,True,368.0,V1_no_persist
EVT038,MEDIA,MERCADO,False,True,368.0,V1_no_persist
EVT039,BAJA,INFRAESTRUCTURA,False,True,39.0,V1_no_persist
EVT040,ALTA,MERCADO,False,True,823.0,V1_no_persist
EVT001,ALTA,INFRAESTRUCTURA,True,False,,V2_no_AND
EVT002,MEDIA,MERCADO,True,False,,V2_no_AND
EVT003,ALTA,CLIMATICO,True,False,,V2_no_AND
EVT004,ALTA,CLIMATICO,True,False,,V2_no_AND
EVT005,MEDIA,MERCADO,True,False,,V2_no_AND
EVT006,MUY_ALTA,REGULATORIO,True,False,,V2_no_AND
EVT007,ALTA,MERCADO,True,False,,V2_no_AND
EVT008,ALTA,CLIMATICO,True,False,,V2_no_AND
EVT009,ALTA,MERCADO,True,False,,V2_no_AND
EVT010,MUY_ALTA,INFRAESTRUCTURA,True,False,,V2_no_AND
EVT011,ALTA,MERCADO,True,False,,V2_no_AND
EVT012,MUY_ALTA,MERCADO,True,False,,V2_no_AND
EVT013,MEDIA,REGULATORIO,True,False,,V2_no_AND
EVT014,MUY_ALTA,MERCADO,True,False,,V2_no_AND
EVT015,MUY_ALTA,MERCADO,True,False,,V2_no_AND
EVT016,MUY_ALTA,MERCADO,True,False,,V2_no_AND
EVT017,MUY_ALTA,INFRAESTRUCTURA,False,True,191.0,V2_no_AND
EVT018,MEDIA,MERCADO,False,True,216.0,V2_no_AND
EVT019,MUY_ALTA,GEOPOLITICO,False,False,,V2_no_AND
EVT020,MUY_ALTA,MERCADO,False,True,19.0,V2_no_AND
EVT021,ALTA,INFRAESTRUCTURA,False,True,179.0,V2_no_AND
EVT022,MUY_ALTA,REGULATORIO,False,True,295.0,V2_no_AND
EVT023,MUY_ALTA,MERCADO,False,True,295.0,V2_no_AND
EVT024,ALTA,CLIMATICO,False,True,112.0,V2_no_AND
EVT025,MEDIA,LABORAL,False,True,203.0,V2_no_AND
EVT026,MUY_ALTA,INFRAESTRUCTURA,False,True,135.0,V2_no_AND
EVT027,MUY_ALTA,MERCADO,False,True,32.0,V2_no_AND
EVT028,MEDIA,LABORAL,False,True,152.0,V2_no_AND
EVT029,ALTA,MERCADO,False,True,8.0,V2_no_AND
EVT030,MEDIA,CLIMATICO,False,True,347.0,V2_no_AND
EVT031,MEDIA,MERCADO,False,True,347.0,V2_no_AND
EVT032,ALTA,MERCADO,False,True,175.0,V2_no_AND
EVT033,ALTA,REGULATORIO,False,False,,V2_no_AND
EVT034,ALTA,MERCADO,False,True,367.0,V2_no_AND
EVT035,ALTA,MERCADO,False,False,,V2_no_AND
EVT036,ALTA,MERCADO,False,False,,V2_no_AND
EVT037,MUY_ALTA,MERCADO,False,True,367.0,V2_no_AND
EVT038,MEDIA,MERCADO,False,True,367.0,V2_no_AND
EVT039,BAJA,INFRAESTRUCTURA,False,True,39.0,V2_no_AND
EVT040,ALTA,MERCADO,False,True,175.0,V2_no_AND
EVT001,ALTA,INFRAESTRUCTURA,True,False,,V3_window24h
EVT002,MEDIA,MERCADO,True,False,,V3_window24h
EVT003,ALTA,CLIMATICO,True,False,,V3_window24h
EVT004,ALTA,CLIMATICO,True,False,,V3_window24h
EVT005,MEDIA,MERCADO,True,False,,V3_window24h
EVT006,MUY_ALTA,REGULATORIO,True,False,,V3_window24h
EVT007,ALTA,MERCADO,True,False,,V3_window24h
EVT008,ALTA,CLIMATICO,True,False,,V3_window24h
EVT009,ALTA,MERCADO,True,False,,V3_window24h
EVT010,MUY_ALTA,INFRAESTRUCTURA,True,False,,V3_window24h
EVT011,ALTA,MERCADO,True,False,,V3_window24h
EVT012,MUY_ALTA,MERCADO,True,False,,V3_window24h
EVT013,MEDIA,REGULATORIO,True,False,,V3_window24h
EVT014,MUY_ALTA,MERCADO,True,False,,V3_window24h
EVT015,MUY_ALTA,MERCADO,True,False,,V3_window24h
EVT016,MUY_ALTA,MERCADO,True,False,,V3_window24h
EVT017,MUY_ALTA,INFRAESTRUCTURA,False,True,5241.0,V3_window24h
EVT018,MEDIA,MERCADO,False,False,,V3_window24h
EVT019,MUY_ALTA,GEOPOLITICO,False,False,,V3_window24h
EVT020,MUY_ALTA,MERCADO,False,False,,V3_window24h
EVT021,ALTA,INFRAESTRUCTURA,False,False,,V3_window24h
EVT022,MUY_ALTA,REGULATORIO,False,True,1281.0,V3_window24h
EVT023,MUY_ALTA,MERCADO,False,True,1281.0,V3_window24h
EVT024,ALTA,CLIMATICO,False,True,1617.0,V3_window24h
EVT025,MEDIA,LABORAL,False,False,,V3_window24h
EVT026,MUY_ALTA,INFRAESTRUCTURA,False,False,,V3_window24h
EVT027,MUY_ALTA,MERCADO,False,False,,V3_window24h
EVT028,MEDIA,LABORAL,False,False,,V3_window24h
EVT029,ALTA,MERCADO,False,False,,V3_window24h
EVT030,MEDIA,CLIMATICO,False,True,9.0,V3_window24h
EVT031,MEDIA,MERCADO,False,True,9.0,V3_window24h
EVT032,ALTA,MERCADO,False,False,,V3_window24h
EVT033,ALTA,REGULATORIO,False,False,,V3_window24h
EVT034,ALTA,MERCADO,False,False,,V3_window24h
EVT035,ALTA,MERCADO,False,False,,V3_window24h
EVT036,ALTA,MERCADO,False,False,,V3_window24h
EVT037,MUY_ALTA,MERCADO,False,False,,V3_window24h
EVT038,MEDIA,MERCADO,False,False,,V3_window24h
EVT039,BAJA,INFRAESTRUCTURA,False,False,,V3_window24h
EVT040,ALTA,MERCADO,False,False,,V3_window24h
EVT001,ALTA,INFRAESTRUCTURA,True,False,,V4_EWMA
EVT002,MEDIA,MERCADO,True,False,,V4_EWMA
EVT003,ALTA,CLIMATICO,True,False,,V4_EWMA
EVT004,ALTA,CLIMATICO,True,False,,V4_EWMA
EVT005,MEDIA,MERCADO,True,False,,V4_EWMA
EVT006,MUY_ALTA,REGULATORIO,True,False,,V4_EWMA
EVT007,ALTA,MERCADO,True,False,,V4_EWMA
EVT008,ALTA,CLIMATICO,True,False,,V4_EWMA
EVT009,ALTA,MERCADO,True,False,,V4_EWMA
EVT010,MUY_ALTA,INFRAESTRUCTURA,True,False,,V4_EWMA
EVT011,ALTA,MERCADO,True,False,,V4_EWMA
EVT012,MUY_ALTA,MERCADO,True,False,,V4_EWMA
EVT013,MEDIA,REGULATORIO,True,False,,V4_EWMA
EVT014,MUY_ALTA,MERCADO,True,False,,V4_EWMA
EVT015,MUY_ALTA,MERCADO,True,False,,V4_EWMA
EVT016,MUY_ALTA,MERCADO,True,False,,V4_EWMA
EVT017,MUY_ALTA,INFRAESTRUCTURA,False,True,724.0,V4_EWMA
EVT018,MEDIA,MERCADO,False,False,,V4_EWMA
EVT019,MUY_ALTA,GEOPOLITICO,False,False,,V4_EWMA
EVT020,MUY_ALTA,MERCADO,False,False,,V4_EWMA
EVT021,ALTA,INFRAESTRUCTURA,False,True,856.0,V4_EWMA
EVT022,MUY_ALTA,REGULATORIO,False,True,440.0,V4_EWMA
EVT023,MUY_ALTA,MERCADO,False,True,440.0,V4_EWMA
EVT024,ALTA,CLIMATICO,False,True,112.0,V4_EWMA
EVT025,MEDIA,LABORAL,False,True,204.0,V4_EWMA
EVT026,MUY_ALTA,INFRAESTRUCTURA,False,True,416.0,V4_EWMA
EVT027,MUY_ALTA,MERCADO,False,True,577.0,V4_EWMA
EVT028,MEDIA,LABORAL,False,True,145.0,V4_EWMA
EVT029,ALTA,MERCADO,False,True,224.0,V4_EWMA
EVT030,MEDIA,CLIMATICO,False,True,12.0,V4_EWMA
EVT031,MEDIA,MERCADO,False,True,12.0,V4_EWMA
EVT032,ALTA,MERCADO,False,True,296.0,V4_EWMA
EVT033,ALTA,REGULATORIO,False,False,,V4_EWMA
EVT034,ALTA,MERCADO,False,True,367.0,V4_EWMA
EVT035,ALTA,MERCADO,False,False,,V4_EWMA
EVT036,ALTA,MERCADO,False,False,,V4_EWMA
EVT037,MUY_ALTA,MERCADO,False,True,367.0,V4_EWMA
EVT038,MEDIA,MERCADO,False,True,367.0,V4_EWMA
EVT039,BAJA,INFRAESTRUCTURA,False,True,468.0,V4_EWMA
EVT040,ALTA,MERCADO,False,True,176.0,V4_EWMA
EVT001,ALTA,INFRAESTRUCTURA,True,False,,V4b_p1_ewma_k95_persist1
EVT002,MEDIA,MERCADO,True,False,,V4b_p1_ewma_k95_persist1
EVT003,ALTA,CLIMATICO,True,False,,V4b_p1_ewma_k95_persist1
EVT004,ALTA,CLIMATICO,True,False,,V4b_p1_ewma_k95_persist1
EVT005,MEDIA,MERCADO,True,False,,V4b_p1_ewma_k95_persist1
EVT006,MUY_ALTA,REGULATORIO,True,False,,V4b_p1_ewma_k95_persist1
EVT007,ALTA,MERCADO,True,False,,V4b_p1_ewma_k95_persist1
EVT008,ALTA,CLIMATICO,True,False,,V4b_p1_ewma_k95_persist1
EVT009,ALTA,MERCADO,True,False,,V4b_p1_ewma_k95_persist1
EVT010,MUY_ALTA,INFRAESTRUCTURA,True,False,,V4b_p1_ewma_k95_persist1
EVT011,ALTA,MERCADO,True,False,,V4b_p1_ewma_k95_persist1
EVT012,MUY_ALTA,MERCADO,True,False,,V4b_p1_ewma_k95_persist1
EVT013,MEDIA,REGULATORIO,True,False,,V4b_p1_ewma_k95_persist1
EVT014,MUY_ALTA,MERCADO,True,False,,V4b_p1_ewma_k95_persist1
EVT015,MUY_ALTA,MERCADO,True,False,,V4b_p1_ewma_k95_persist1
EVT016,MUY_ALTA,MERCADO,True,False,,V4b_p1_ewma_k95_persist1
EVT017,MUY_ALTA,INFRAESTRUCTURA,False,True,168.0,V4b_p1_ewma_k95_persist1
EVT018,MEDIA,MERCADO,False,True,175.0,V4b_p1_ewma_k95_persist1
EVT019,MUY_ALTA,GEOPOLITICO,False,False,,V4b_p1_ewma_k95_persist1
EVT020,MUY_ALTA,MERCADO,False,True,19.0,V4b_p1_ewma_k95_persist1
EVT021,ALTA,INFRAESTRUCTURA,False,True,179.0,V4b_p1_ewma_k95_persist1
EVT022,MUY_ALTA,REGULATORIO,False,True,295.0,V4b_p1_ewma_k95_persist1
EVT023,MUY_ALTA,MERCADO,False,True,295.0,V4b_p1_ewma_k95_persist1
EVT024,ALTA,CLIMATICO,False,True,21.0,V4b_p1_ewma_k95_persist1
EVT025,MEDIA,LABORAL,False,True,203.0,V4b_p1_ewma_k95_persist1
EVT026,MUY_ALTA,INFRAESTRUCTURA,False,True,135.0,V4b_p1_ewma_k95_persist1
EVT027,MUY_ALTA,MERCADO,False,True,17.0,V4b_p1_ewma_k95_persist1
EVT028,MEDIA,LABORAL,False,True,139.0,V4b_p1_ewma_k95_persist1
EVT029,ALTA,MERCADO,False,True,8.0,V4b_p1_ewma_k95_persist1
EVT030,MEDIA,CLIMATICO,False,True,8.0,V4b_p1_ewma_k95_persist1
EVT031,MEDIA,MERCADO,False,True,8.0,V4b_p1_ewma_k95_persist1
EVT032,ALTA,MERCADO,False,True,0.0,V4b_p1_ewma_k95_persist1
EVT033,ALTA,REGULATORIO,False,False,,V4b_p1_ewma_k95_persist1
EVT034,ALTA,MERCADO,False,True,168.0,V4b_p1_ewma_k95_persist1
EVT035,ALTA,MERCADO,False,False,,V4b_p1_ewma_k95_persist1
EVT036,ALTA,MERCADO,False,False,,V4b_p1_ewma_k95_persist1
EVT037,MUY_ALTA,MERCADO,False,True,168.0,V4b_p1_ewma_k95_persist1
EVT038,MEDIA,MERCADO,False,True,168.0,V4b_p1_ewma_k95_persist1
EVT039,BAJA,INFRAESTRUCTURA,False,True,11.0,V4b_p1_ewma_k95_persist1
EVT040,ALTA,MERCADO,False,True,148.0,V4b_p1_ewma_k95_persist1
EVT001,ALTA,INFRAESTRUCTURA,True,False,,V4b_p2_ewma_k95_persist2
EVT002,MEDIA,MERCADO,True,False,,V4b_p2_ewma_k95_persist2
EVT003,ALTA,CLIMATICO,True,False,,V4b_p2_ewma_k95_persist2
EVT004,ALTA,CLIMATICO,True,False,,V4b_p2_ewma_k95_persist2
EVT005,MEDIA,MERCADO,True,False,,V4b_p2_ewma_k95_persist2
EVT006,MUY_ALTA,REGULATORIO,True,False,,V4b_p2_ewma_k95_persist2
EVT007,ALTA,MERCADO,True,False,,V4b_p2_ewma_k95_persist2
EVT008,ALTA,CLIMATICO,True,False,,V4b_p2_ewma_k95_persist2
EVT009,ALTA,MERCADO,True,False,,V4b_p2_ewma_k95_persist2
EVT010,MUY_ALTA,INFRAESTRUCTURA,True,False,,V4b_p2_ewma_k95_persist2
EVT011,ALTA,MERCADO,True,False,,V4b_p2_ewma_k95_persist2
EVT012,MUY_ALTA,MERCADO,True,False,,V4b_p2_ewma_k95_persist2
EVT013,MEDIA,REGULATORIO,True,False,,V4b_p2_ewma_k95_persist2
EVT014,MUY_ALTA,MERCADO,True,False,,V4b_p2_ewma_k95_persist2
EVT015,MUY_ALTA,MERCADO,True,False,,V4b_p2_ewma_k95_persist2
EVT016,MUY_ALTA,MERCADO,True,False,,V4b_p2_ewma_k95_persist2
EVT017,MUY_ALTA,INFRAESTRUCTURA,False,True,192.0,V4b_p2_ewma_k95_persist2
EVT018,MEDIA,MERCADO,False,True,176.0,V4b_p2_ewma_k95_persist2
EVT019,MUY_ALTA,GEOPOLITICO,False,False,,V4b_p2_ewma_k95_persist2
EVT020,MUY_ALTA,MERCADO,False,True,20.0,V4b_p2_ewma_k95_persist2
EVT021,ALTA,INFRAESTRUCTURA,False,True,180.0,V4b_p2_ewma_k95_persist2
EVT022,MUY_ALTA,REGULATORIO,False,True,296.0,V4b_p2_ewma_k95_persist2
EVT023,MUY_ALTA,MERCADO,False,True,296.0,V4b_p2_ewma_k95_persist2
EVT024,ALTA,CLIMATICO,False,True,46.0,V4b_p2_ewma_k95_persist2
EVT025,MEDIA,LABORAL,False,True,204.0,V4b_p2_ewma_k95_persist2
EVT026,MUY_ALTA,INFRAESTRUCTURA,False,True,136.0,V4b_p2_ewma_k95_persist2
EVT027,MUY_ALTA,MERCADO,False,True,18.0,V4b_p2_ewma_k95_persist2
EVT028,MEDIA,LABORAL,False,True,140.0,V4b_p2_ewma_k95_persist2
EVT029,ALTA,MERCADO,False,True,9.0,V4b_p2_ewma_k95_persist2
EVT030,MEDIA,CLIMATICO,False,True,9.0,V4b_p2_ewma_k95_persist2
EVT031,MEDIA,MERCADO,False,True,9.0,V4b_p2_ewma_k95_persist2
EVT032,ALTA,MERCADO,False,True,0.0,V4b_p2_ewma_k95_persist2
EVT033,ALTA,REGULATORIO,False,False,,V4b_p2_ewma_k95_persist2
EVT034,ALTA,MERCADO,False,True,179.0,V4b_p2_ewma_k95_persist2
EVT035,ALTA,MERCADO,False,False,,V4b_p2_ewma_k95_persist2
EVT036,ALTA,MERCADO,False,False,,V4b_p2_ewma_k95_persist2
EVT037,MUY_ALTA,MERCADO,False,True,179.0,V4b_p2_ewma_k95_persist2
EVT038,MEDIA,MERCADO,False,True,179.0,V4b_p2_ewma_k95_persist2
EVT039,BAJA,INFRAESTRUCTURA,False,True,15.0,V4b_p2_ewma_k95_persist2
EVT040,ALTA,MERCADO,False,True,149.0,V4b_p2_ewma_k95_persist2
EVT001,ALTA,INFRAESTRUCTURA,True,False,,V_naive_spread_p99
EVT002,MEDIA,MERCADO,True,False,,V_naive_spread_p99
EVT003,ALTA,CLIMATICO,True,False,,V_naive_spread_p99
EVT004,ALTA,CLIMATICO,True,False,,V_naive_spread_p99
EVT005,MEDIA,MERCADO,True,False,,V_naive_spread_p99
EVT006,MUY_ALTA,REGULATORIO,True,False,,V_naive_spread_p99
EVT007,ALTA,MERCADO,True,False,,V_naive_spread_p99
EVT008,ALTA,CLIMATICO,True,False,,V_naive_spread_p99
EVT009,ALTA,MERCADO,True,False,,V_naive_spread_p99
EVT010,MUY_ALTA,INFRAESTRUCTURA,True,False,,V_naive_spread_p99
EVT011,ALTA,MERCADO,True,False,,V_naive_spread_p99
EVT012,MUY_ALTA,MERCADO,True,False,,V_naive_spread_p99
EVT013,MEDIA,REGULATORIO,True,False,,V_naive_spread_p99
EVT014,MUY_ALTA,MERCADO,True,False,,V_naive_spread_p99
EVT015,MUY_ALTA,MERCADO,True,False,,V_naive_spread_p99
EVT016,MUY_ALTA,MERCADO,True,False,,V_naive_spread_p99
EVT017,MUY_ALTA,INFRAESTRUCTURA,False,True,191.0,V_naive_spread_p99
EVT018,MEDIA,MERCADO,False,True,216.0,V_naive_spread_p99
EVT019,MUY_ALTA,GEOPOLITICO,False,False,,V_naive_spread_p99
EVT020,MUY_ALTA,MERCADO,False,True,19.0,V_naive_spread_p99
EVT021,ALTA,INFRAESTRUCTURA,False,True,181.0,V_naive_spread_p99
EVT022,MUY_ALTA,REGULATORIO,False,True,295.0,V_naive_spread_p99
EVT023,MUY_ALTA,MERCADO,False,True,295.0,V_naive_spread_p99
EVT024,ALTA,CLIMATICO,False,True,279.0,V_naive_spread_p99
EVT025,MEDIA,LABORAL,False,True,440.0,V_naive_spread_p99
EVT026,MUY_ALTA,INFRAESTRUCTURA,False,True,415.0,V_naive_spread_p99
EVT027,MUY_ALTA,MERCADO,False,True,41.0,V_naive_spread_p99
EVT028,MEDIA,LABORAL,False,True,152.0,V_naive_spread_p99
EVT029,ALTA,MERCADO,False,True,8.0,V_naive_spread_p99
EVT030,MEDIA,CLIMATICO,False,True,9.0,V_naive_spread_p99
EVT031,MEDIA,MERCADO,False,True,9.0,V_naive_spread_p99
EVT032,ALTA,MERCADO,False,True,185.0,V_naive_spread_p99
EVT033,ALTA,REGULATORIO,False,True,11.0,V_naive_spread_p99
EVT034,ALTA,MERCADO,False,True,11.0,V_naive_spread_p99
EVT035,ALTA,MERCADO,False,False,,V_naive_spread_p99
EVT036,ALTA,MERCADO,False,False,,V_naive_spread_p99
EVT037,MUY_ALTA,MERCADO,False,True,11.0,V_naive_spread_p99
EVT038,MEDIA,MERCADO,False,True,11.0,V_naive_spread_p99
EVT039,BAJA,INFRAESTRUCTURA,False,True,14.0,V_naive_spread_p99
EVT040,ALTA,MERCADO,False,True,835.0,V_naive_spread_p99
