z_percentile,if_percentile,cusum_min_h,z_thr_crisis,z_thr_post,if_thr,n_alerts,alerts_per_month,n_tp_72h,n_tp_7d,precision_72h,precision_7d,precision_30d,recall_event,n_events_in_window,n_events_detected,fp_rate_per_month_outside_72h,median_lag_hours
93.0,80,1,0.4665553008994832,0.7610574393963029,0.340800554591596,710,19.735730593607308,119,154,0.1676056338028169,0.21690140845070421,0.7901408450704225,0.8333333333333334,24,20,16.42791095890411,368.0
93.0,80,2,0.4665553008994832,0.7610574393963029,0.340800554591596,617,17.15062785388128,101,131,0.16369529983792544,0.21231766612641814,0.8006482982171799,0.8333333333333334,24,20,14.343150684931508,369.0
93.0,80,3,0.4665553008994832,0.7610574393963029,0.340800554591596,549,15.260445205479453,86,113,0.15664845173041894,0.2058287795992714,0.8087431693989071,0.7916666666666666,24,19,12.869920091324202,370.0
93.0,80,5,0.4665553008994832,0.7610574393963029,0.340800554591596,445,12.369577625570777,65,88,0.14606741573033707,0.19775280898876405,0.8292134831460675,0.625,24,15,10.562785388127855,379.0
93.0,85,1,0.4665553008994832,0.7610574393963029,0.37471741925003604,686,19.068607305936073,114,146,0.1661807580174927,0.21282798833819241,0.782798833819242,0.8333333333333334,24,20,15.899771689497719,368.0
93.0,85,2,0.4665553008994832,0.7610574393963029,0.37471741925003604,593,16.483504566210048,96,123,0.16188870151770657,0.20741989881956155,0.7925801011804384,0.8333333333333334,24,20,13.815011415525115,369.0
93.0,85,3,0.4665553008994832,0.7610574393963029,0.37471741925003604,526,14.621118721461189,81,105,0.15399239543726237,0.19961977186311788,0.8003802281368821,0.7916666666666666,24,19,12.369577625570777,370.0
93.0,85,5,0.4665553008994832,0.7610574393963029,0.37471741925003604,425,11.813641552511417,62,82,0.14588235294117646,0.19294117647058823,0.8211764705882353,0.625,24,15,10.090239726027399,379.0
93.0,90,1,0.4665553008994832,0.7610574393963029,0.4197262263376946,647,17.98453196347032,99,128,0.15301391035548687,0.19783616692426584,0.7789799072642968,0.8333333333333334,24,20,15.232648401826484,368.0
93.0,90,2,0.4665553008994832,0.7610574393963029,0.4197262263376946,557,15.482819634703198,83,107,0.1490125673249551,0.19210053859964094,0.7881508078994613,0.8333333333333334,24,20,13.17568493150685,392.5
93.0,90,3,0.4665553008994832,0.7610574393963029,0.4197262263376946,496,13.787214611872146,70,93,0.14112903225806453,0.1875,0.7983870967741935,0.75,24,18,11.841438356164385,370.0
93.0,90,5,0.4665553008994832,0.7610574393963029,0.4197262263376946,399,11.090924657534247,53,73,0.13283208020050125,0.18295739348370926,0.8195488721804511,0.5833333333333334,24,14,9.617694063926942,411.0
93.0,95,1,0.4665553008994832,0.7610574393963029,0.48496240887865055,570,15.844178082191782,73,98,0.1280701754385965,0.17192982456140352,0.7649122807017544,0.7916666666666666,24,19,13.815011415525115,368.0
93.0,95,2,0.4665553008994832,0.7610574393963029,0.48496240887865055,485,13.4814497716895,59,79,0.12164948453608247,0.16288659793814433,0.7752577319587629,0.75,24,18,11.841438356164385,369.0
93.0,95,3,0.4665553008994832,0.7610574393963029,0.48496240887865055,433,12.03601598173516,48,67,0.11085450346420324,0.15473441108545036,0.7852193995381063,0.6666666666666666,24,16,10.701769406392694,370.0
93.0,95,5,0.4665553008994832,0.7610574393963029,0.48496240887865055,351,9.756678082191781,36,52,0.10256410256410256,0.14814814814814814,0.8062678062678063,0.5833333333333334,24,14,8.755993150684931,411.5
93.0,98,1,0.4665553008994832,0.7610574393963029,0.5939604467248247,403,11.20211187214612,47,67,0.11662531017369727,0.1662531017369727,0.7617866004962779,0.7916666666666666,24,19,9.895662100456622,368.0
93.0,98,2,0.4665553008994832,0.7610574393963029,0.5939604467248247,339,9.423116438356166,37,52,0.10914454277286136,0.15339233038348082,0.7787610619469026,0.6666666666666666,24,16,8.394634703196347,404.5
93.0,98,3,0.4665553008994832,0.7610574393963029,0.5939604467248247,299,8.311244292237443,30,44,0.10033444816053512,0.14715719063545152,0.7959866220735786,0.5833333333333334,24,14,7.477340182648402,405.5
93.0,98,5,0.4665553008994832,0.7610574393963029,0.5939604467248247,251,6.976997716894978,23,35,0.09163346613545817,0.1394422310756972,0.8127490039840638,0.5416666666666666,24,13,6.337671232876713,443.0
95.0,80,1,0.5965846749066422,1.3547720567729769,0.340800554591596,603,16.761472602739726,98,128,0.1625207296849088,0.21227197346600332,0.7761194029850746,0.8333333333333334,24,20,14.03738584474886,368.0
95.0,80,2,0.5965846749066422,1.3547720567729769,0.340800554591596,512,14.231963470319636,80,105,0.15625,0.205078125,0.787109375,0.8333333333333334,24,20,12.008219178082193,369.0
95.0,80,3,0.5965846749066422,1.3547720567729769,0.340800554591596,451,12.536358447488585,67,90,0.14855875831485588,0.19955654101995565,0.7960088691796009,0.7083333333333334,24,17,10.673972602739727,370.0
95.0,80,5,0.5965846749066422,1.3547720567729769,0.340800554591596,360,10.006849315068493,51,71,0.14166666666666666,0.19722222222222222,0.8166666666666667,0.5416666666666666,24,13,8.589212328767124,443.0
95.0,85,1,0.5965846749066422,1.3547720567729769,0.37471741925003604,587,16.31672374429224,94,121,0.16013628620102216,0.2061328790459966,0.7700170357751278,0.8333333333333334,24,20,13.703824200913242,368.0
95.0,85,2,0.5965846749066422,1.3547720567729769,0.37471741925003604,496,13.787214611872146,76,98,0.1532258064516129,0.1975806451612903,0.780241935483871,0.8333333333333334,24,20,11.674657534246576,369.0
95.0,85,3,0.5965846749066422,1.3547720567729769,0.37471741925003604,436,12.119406392694065,63,83,0.1444954128440367,0.19036697247706422,0.7889908256880734,0.7083333333333334,24,17,10.368207762557079,370.0
95.0,85,5,0.5965846749066422,1.3547720567729769,0.37471741925003604,348,9.673287671232877,49,66,0.14080459770114942,0.1896551724137931,0.8103448275862069,0.5416666666666666,24,13,8.311244292237443,443.0
95.0,90,1,0.5965846749066422,1.3547720567729769,0.4197262263376946,567,15.760787671232878,85,111,0.14991181657848324,0.19576719576719576,0.7689594356261023,0.8333333333333334,24,20,13.398059360730594,368.0
95.0,90,2,0.5965846749066422,1.3547720567729769,0.4197262263376946,479,13.31466894977169,69,90,0.1440501043841336,0.18789144050104384,0.778705636743215,0.8333333333333334,24,20,11.396689497716896,392.5
95.0,90,3,0.5965846749066422,1.3547720567729769,0.4197262263376946,424,11.785844748858448,58,78,0.13679245283018868,0.18396226415094338,0.7900943396226415,0.7083333333333334,24,17,10.173630136986302,370.0
95.0,90,5,0.5965846749066422,1.3547720567729769,0.4197262263376946,337,9.367522831050229,45,62,0.13353115727002968,0.18397626112759644,0.8130563798219584,0.5416666666666666,24,13,8.116666666666667,443.0
95.0,95,1,0.5965846749066422,1.3547720567729769,0.48496240887865055,523,14.537728310502285,66,90,0.12619502868068833,0.17208413001912046,0.7609942638623327,0.7916666666666666,24,19,12.703139269406394,368.0
95.0,95,2,0.5965846749066422,1.3547720567729769,0.48496240887865055,439,12.20279680365297,52,71,0.11845102505694761,0.16173120728929385,0.7722095671981777,0.75,24,18,10.757363013698631,369.0
95.0,95,3,0.5965846749066422,1.3547720567729769,0.48496240887865055,390,10.840753424657535,42,60,0.1076923076923077,0.15384615384615385,0.782051282051282,0.625,24,15,9.673287671232877,370.0
95.0,95,5,0.5965846749066422,1.3547720567729769,0.48496240887865055,313,8.700399543378996,32,47,0.10223642172523961,0.1501597444089457,0.805111821086262,0.5416666666666666,24,13,7.810901826484018,443.0
95.0,98,1,0.5965846749066422,1.3547720567729769,0.5939604467248247,391,10.868550228310504,45,65,0.11508951406649616,0.16624040920716113,0.7647058823529411,0.7916666666666666,24,19,9.617694063926942,368.0
95.0,98,2,0.5965846749066422,1.3547720567729769,0.5939604467248247,327,9.089554794520549,35,50,0.10703363914373089,0.1529051987767584,0.7828746177370031,0.6666666666666666,24,16,8.116666666666667,404.5
95.0,98,3,0.5965846749066422,1.3547720567729769,0.5939604467248247,288,8.005479452054795,28,42,0.09722222222222222,0.14583333333333334,0.7986111111111112,0.5416666666666666,24,13,7.2271689497716896,441.0
95.0,98,5,0.5965846749066422,1.3547720567729769,0.5939604467248247,242,6.726826484018265,22,34,0.09090909090909091,0.14049586776859505,0.8181818181818182,0.5416666666666666,24,13,6.115296803652968,443.0
97.0,80,1,1.067329009381242,2.6707328708133535,0.340800554591596,439,12.20279680365297,74,88,0.16856492027334852,0.20045558086560364,0.7539863325740319,0.8333333333333334,24,20,10.145833333333334,368.0
97.0,80,2,1.067329009381242,2.6707328708133535,0.340800554591596,355,9.867865296803654,57,66,0.16056338028169015,0.18591549295774648,0.7661971830985915,0.7916666666666666,24,19,8.283447488584475,369.0
97.0,80,3,1.067329009381242,2.6707328708133535,0.340800554591596,300,8.339041095890412,47,54,0.15666666666666668,0.18,0.7733333333333333,0.625,24,15,7.032591324200913,387.0
97.0,80,5,1.067329009381242,2.6707328708133535,0.340800554591596,231,6.421061643835617,35,41,0.15151515151515152,0.1774891774891775,0.7965367965367965,0.5416666666666666,24,13,5.448173515981735,443.0
97.0,85,1,1.067329009381242,2.6707328708133535,0.37471741925003604,433,12.03601598173516,71,85,0.16397228637413394,0.19630484988452657,0.7505773672055427,0.8333333333333334,24,20,10.06244292237443,368.0
97.0,85,2,1.067329009381242,2.6707328708133535,0.37471741925003604,349,9.701084474885846,54,63,0.15472779369627507,0.18051575931232092,0.7621776504297995,0.7916666666666666,24,19,8.200057077625571,369.0
97.0,85,3,1.067329009381242,2.6707328708133535,0.37471741925003604,295,8.200057077625571,44,51,0.14915254237288136,0.17288135593220338,0.7694915254237288,0.625,24,15,6.976997716894978,387.0
97.0,85,5,1.067329009381242,2.6707328708133535,0.37471741925003604,228,6.337671232876713,33,39,0.14473684210526316,0.17105263157894737,0.793859649122807,0.5416666666666666,24,13,5.420376712328768,443.0
97.0,90,1,1.067329009381242,2.6707328708133535,0.4197262263376946,417,11.591267123287672,63,76,0.1510791366906475,0.18225419664268586,0.7458033573141487,0.8333333333333334,24,20,9.840068493150685,368.0
97.0,90,2,1.067329009381242,2.6707328708133535,0.4197262263376946,336,9.33972602739726,48,56,0.14285714285714285,0.16666666666666666,0.7559523809523809,0.7916666666666666,24,19,8.005479452054795,416.0
97.0,90,3,1.067329009381242,2.6707328708133535,0.4197262263376946,287,7.977682648401827,40,47,0.13937282229965156,0.16376306620209058,0.7665505226480837,0.625,24,15,6.8658105022831055,441.0
97.0,90,5,1.067329009381242,2.6707328708133535,0.4197262263376946,221,6.143093607305937,30,36,0.13574660633484162,0.16289592760180996,0.7918552036199095,0.5416666666666666,24,13,5.309189497716895,443.0
97.0,95,1,1.067329009381242,2.6707328708133535,0.48496240887865055,385,10.701769406392694,47,58,0.12207792207792208,0.15064935064935064,0.7376623376623377,0.7916666666666666,24,19,9.395319634703197,368.0
97.0,95,2,1.067329009381242,2.6707328708133535,0.48496240887865055,308,8.561415525114155,34,40,0.11038961038961038,0.12987012987012986,0.75,0.7083333333333334,24,17,7.616324200913242,369.0
97.0,95,3,1.067329009381242,2.6707328708133535,0.48496240887865055,265,7.3661529680365305,27,32,0.1018867924528302,0.12075471698113208,0.7584905660377359,0.5416666666666666,24,13,6.615639269406393,441.0
97.0,95,5,1.067329009381242,2.6707328708133535,0.48496240887865055,207,5.753938356164384,20,24,0.0966183574879227,0.11594202898550725,0.782608695652174,0.5416666666666666,24,13,5.198002283105023,443.0
97.0,98,1,1.067329009381242,2.6707328708133535,0.5939604467248247,318,8.839383561643837,35,46,0.11006289308176101,0.14465408805031446,0.7452830188679245,0.7916666666666666,24,19,7.866495433789955,368.0
97.0,98,2,1.067329009381242,2.6707328708133535,0.5939604467248247,257,7.143778538812786,26,32,0.10116731517509728,0.1245136186770428,0.7626459143968871,0.6666666666666666,24,16,6.421061643835617,404.5
97.0,98,3,1.067329009381242,2.6707328708133535,0.5939604467248247,222,6.170890410958904,21,26,0.0945945945945946,0.11711711711711711,0.7792792792792793,0.5416666666666666,24,13,5.587157534246575,441.0
97.0,98,5,1.067329009381242,2.6707328708133535,0.5939604467248247,179,4.975627853881279,15,19,0.08379888268156424,0.10614525139664804,0.7988826815642458,0.5416666666666666,24,13,4.558675799086759,443.0
99.0,80,1,5.742617290921714,6.1080076925593545,0.340800554591596,158,4.39189497716895,33,40,0.2088607594936709,0.25316455696202533,0.740506329113924,0.8333333333333334,24,20,3.4746004566210047,368.0
99.0,80,2,5.742617290921714,6.1080076925593545,0.340800554591596,97,2.6962899543378995,21,23,0.21649484536082475,0.23711340206185566,0.7628865979381443,0.6666666666666666,24,16,2.112557077625571,525.5
99.0,80,3,5.742617290921714,6.1080076925593545,0.340800554591596,68,1.8901826484018267,15,16,0.22058823529411764,0.23529411764705882,0.7941176470588235,0.5416666666666666,24,13,1.473230593607306,777.0
99.0,80,5,5.742617290921714,6.1080076925593545,0.340800554591596,44,1.2230593607305937,8,9,0.18181818181818182,0.20454545454545456,0.8181818181818182,0.5416666666666666,24,13,1.0006849315068493,779.0
99.0,85,1,5.742617290921714,6.1080076925593545,0.37471741925003604,157,4.364098173515982,33,40,0.21019108280254778,0.25477707006369427,0.7388535031847133,0.8333333333333334,24,20,3.4468036529680366,368.0
99.0,85,2,5.742617290921714,6.1080076925593545,0.37471741925003604,96,2.668493150684932,21,23,0.21875,0.23958333333333334,0.7604166666666666,0.6666666666666666,24,16,2.084760273972603,525.5
99.0,85,3,5.742617290921714,6.1080076925593545,0.37471741925003604,68,1.8901826484018267,15,16,0.22058823529411764,0.23529411764705882,0.7941176470588235,0.5416666666666666,24,13,1.473230593607306,777.0
99.0,85,5,5.742617290921714,6.1080076925593545,0.37471741925003604,44,1.2230593607305937,8,9,0.18181818181818182,0.20454545454545456,0.8181818181818182,0.5416666666666666,24,13,1.0006849315068493,779.0
99.0,90,1,5.742617290921714,6.1080076925593545,0.4197262263376946,156,4.336301369863014,33,40,0.21153846153846154,0.2564102564102564,0.7435897435897436,0.8333333333333334,24,20,3.419006849315069,368.0
99.0,90,2,5.742617290921714,6.1080076925593545,0.4197262263376946,96,2.668493150684932,21,23,0.21875,0.23958333333333334,0.7604166666666666,0.6666666666666666,24,16,2.084760273972603,525.5
99.0,90,3,5.742617290921714,6.1080076925593545,0.4197262263376946,68,1.8901826484018267,15,16,0.22058823529411764,0.23529411764705882,0.7941176470588235,0.5416666666666666,24,13,1.473230593607306,777.0
99.0,90,5,5.742617290921714,6.1080076925593545,0.4197262263376946,44,1.2230593607305937,8,9,0.18181818181818182,0.20454545454545456,0.8181818181818182,0.5416666666666666,24,13,1.0006849315068493,779.0
99.0,95,1,5.742617290921714,6.1080076925593545,0.48496240887865055,151,4.197317351598174,30,37,0.1986754966887417,0.24503311258278146,0.7350993377483444,0.75,24,18,3.3634132420091327,357.5
99.0,95,2,5.742617290921714,6.1080076925593545,0.48496240887865055,94,2.6128995433789957,20,22,0.2127659574468085,0.23404255319148937,0.7553191489361702,0.625,24,15,2.056963470319635,611.0
99.0,95,3,5.742617290921714,6.1080076925593545,0.48496240887865055,68,1.8901826484018267,15,16,0.22058823529411764,0.23529411764705882,0.7941176470588235,0.5416666666666666,24,13,1.473230593607306,777.0
99.0,95,5,5.742617290921714,6.1080076925593545,0.48496240887865055,44,1.2230593607305937,8,9,0.18181818181818182,0.20454545454545456,0.8181818181818182,0.5416666666666666,24,13,1.0006849315068493,779.0
99.0,98,1,5.742617290921714,6.1080076925593545,0.5939604467248247,129,3.585787671232877,21,28,0.16279069767441862,0.21705426356589147,0.6976744186046512,0.75,24,18,3.0020547945205482,368.0
99.0,98,2,5.742617290921714,6.1080076925593545,0.5939604467248247,83,2.3071347031963474,15,17,0.18072289156626506,0.20481927710843373,0.7228915662650602,0.5833333333333334,24,14,1.8901826484018267,767.0
99.0,98,3,5.742617290921714,6.1080076925593545,0.5939604467248247,61,1.6956050228310504,12,13,0.19672131147540983,0.21311475409836064,0.7704918032786885,0.5416666666666666,24,13,1.3620433789954338,777.0
99.0,98,5,5.742617290921714,6.1080076925593545,0.5939604467248247,40,1.1118721461187215,6,7,0.15,0.175,0.8,0.5416666666666666,24,13,0.9450913242009134,779.0
99.5,80,1,9.973812306507678,10.0,0.340800554591596,78,2.168150684931507,14,19,0.1794871794871795,0.24358974358974358,0.6794871794871795,0.8333333333333334,24,20,1.7789954337899545,427.0
99.5,80,2,9.973812306507678,10.0,0.340800554591596,29,0.8061073059360732,5,6,0.1724137931034483,0.20689655172413793,0.6206896551724138,0.5833333333333334,24,14,0.667123287671233,782.0
99.5,80,3,9.973812306507678,10.0,0.340800554591596,16,0.4447488584474886,2,2,0.125,0.125,0.625,0.375,24,9,0.3891552511415525,1049.0
99.5,80,5,9.973812306507678,10.0,0.340800554591596,8,0.2223744292237443,0,0,0.0,0.0,0.5,0.25,24,6,0.2223744292237443,2967.0
99.5,85,1,9.973812306507678,10.0,0.37471741925003604,78,2.168150684931507,14,19,0.1794871794871795,0.24358974358974358,0.6794871794871795,0.8333333333333334,24,20,1.7789954337899545,427.0
99.5,85,2,9.973812306507678,10.0,0.37471741925003604,29,0.8061073059360732,5,6,0.1724137931034483,0.20689655172413793,0.6206896551724138,0.5833333333333334,24,14,0.667123287671233,782.0
99.5,85,3,9.973812306507678,10.0,0.37471741925003604,16,0.4447488584474886,2,2,0.125,0.125,0.625,0.375,24,9,0.3891552511415525,1049.0
99.5,85,5,9.973812306507678,10.0,0.37471741925003604,8,0.2223744292237443,0,0,0.0,0.0,0.5,0.25,24,6,0.2223744292237443,2967.0
99.5,90,1,9.973812306507678,10.0,0.4197262263376946,77,2.1403538812785388,14,19,0.18181818181818182,0.24675324675324675,0.6883116883116883,0.8333333333333334,24,20,1.7511986301369864,427.0
99.5,90,2,9.973812306507678,10.0,0.4197262263376946,29,0.8061073059360732,5,6,0.1724137931034483,0.20689655172413793,0.6206896551724138,0.5833333333333334,24,14,0.667123287671233,782.0
99.5,90,3,9.973812306507678,10.0,0.4197262263376946,16,0.4447488584474886,2,2,0.125,0.125,0.625,0.375,24,9,0.3891552511415525,1049.0
99.5,90,5,9.973812306507678,10.0,0.4197262263376946,8,0.2223744292237443,0,0,0.0,0.0,0.5,0.25,24,6,0.2223744292237443,2967.0
99.5,95,1,9.973812306507678,10.0,0.48496240887865055,73,2.029166666666667,11,16,0.1506849315068493,0.2191780821917808,0.6712328767123288,0.75,24,18,1.7234018264840183,403.5
99.5,95,2,9.973812306507678,10.0,0.48496240887865055,28,0.778310502283105,4,5,0.14285714285714285,0.17857142857142858,0.6071428571428571,0.5416666666666666,24,13,0.667123287671233,1024.0
99.5,95,3,9.973812306507678,10.0,0.48496240887865055,16,0.4447488584474886,2,2,0.125,0.125,0.625,0.375,24,9,0.3891552511415525,1049.0
99.5,95,5,9.973812306507678,10.0,0.48496240887865055,8,0.2223744292237443,0,0,0.0,0.0,0.5,0.25,24,6,0.2223744292237443,2967.0
99.5,98,1,9.973812306507678,10.0,0.5939604467248247,61,1.6956050228310504,8,13,0.13114754098360656,0.21311475409836064,0.6229508196721312,0.75,24,18,1.473230593607306,403.5
99.5,98,2,9.973812306507678,10.0,0.5939604467248247,24,0.667123287671233,3,4,0.125,0.16666666666666666,0.5416666666666666,0.4166666666666667,24,10,0.5837328767123288,782.0
99.5,98,3,9.973812306507678,10.0,0.5939604467248247,15,0.4169520547945206,2,2,0.13333333333333333,0.13333333333333333,0.6,0.375,24,9,0.3613584474885845,1617.0
99.5,98,5,9.973812306507678,10.0,0.5939604467248247,8,0.2223744292237443,0,0,0.0,0.0,0.5,0.25,24,6,0.2223744292237443,2967.0
